<?xml version="1.0" encoding="UTF-8"?>
<!--
 * Licensed to the Apache Software Foundation (ASF) under one
 * or more contributor license agreements.  See the NOTICE file
 * distributed with this work for additional information
 * regarding copyright ownership.  The ASF licenses this file
 * to you under the Apache License, Version 2.0 (the
 * "License"); you may not use this file except in compliance
 * with the License.  You may obtain a copy of the License at
 *
 *   http://www.apache.org/licenses/LICENSE-2.0
 *
 * Unless required by applicable law or agreed to in writing,
 * software distributed under the License is distributed on an
 * "AS IS" BASIS, WITHOUT WARRANTIES OR CONDITIONS OF ANY
 * KIND, either express or implied.  See the License for the
 * specific language governing permissions and limitations
 * under the License.
-->
<Module>
  <ModulePrefs title="Sample Selection Changer" height="250">
    <Require feature="selection"/>
  </ModulePrefs>
  <Content type="html"><![CDATA[
    <style>
      #output {
        word-wrap: break-word;
      }
    </style>
    <script>
      function setSelection(selection) {
        selection = [{type:'com.example.food', dataObject: selection}];
        gadgets.selection.setSelection(selection);
        document.getElementById("output").innerHTML = 'selection: '
         + gadgets.util.escapeString('' + gadgets.json.stringify(selection)) + '<br/>';
      }
    </script>
    <div>
      <input type="radio" name="group1" value="Milk" onclick="setSelection('Milk')"/> Milk<br>
      <input type="radio" name="group1" value="Butter" onclick="setSelection('Butter')"/> Butter<br>
      <input type="radio" name="group1" value="Cheese" onclick="setSelection('Cheese')"/> Cheese<br>
      <input type="radio" name="group1" value="Water" onclick="setSelection('Water')"/> Water<br>
      <input type="radio" name="group1" value="Beer" onclick="setSelection('Beer')"/> Beer<br>
      <input type="radio" name="group1" value="Wine" onclick="setSelection('Wine')"/> Wine
    </div>
    <div id="output"></div>
  ]]></Content>
</Module>
