<?xml version="1.0" encoding="utf-8"?>
<!--
 * Licensed to the Apache Software Foundation (ASF) under one
 * or more contributor license agreements.  See the NOTICE file
 * distributed with this work for additional information
 * regarding copyright ownership.  The ASF licenses this file
 * to you under the Apache License, Version 2.0 (the
 * "License"); you may not use this file except in compliance
 * with the License.  You may obtain a copy of the License at
 *
 *   http://www.apache.org/licenses/LICENSE-2.0
 *
 * Unless required by applicable law or agreed to in writing,
 * software distributed under the License is distributed on an
 * "AS IS" BASIS, WITHOUT WARRANTIES OR CONDITIONS OF ANY
 * KIND, either express or implied.  See the License for the
 * specific language governing permissions and limitations
 * under the License.
-->
<Module>
	<ModulePrefs title="ViewerRequest test"	description="ViewerRequest test">
      <Require feature="opensocial-data" />
	</ModulePrefs>
   <Content view="default" type="html">
   <![CDATA[
      <!DOCTYPE HTML PUBLIC "-//W3C//DTD HTML 4.01 Transitional//EN" "http://www.w3.org/TR/html4/loose.dtd">
      <script xmlns:os="http://ns.opensocial.org/2008/markup" type="text/os-data">
         <os:ViewerRequest key="viewer" />
      </script>
      <!-- Initialize the gadget -->
      <script type="text/javascript">
         gadgets.util.registerOnLoadHandler(function() {
            var currentViewer = opensocial.data.getDataContext().getDataSet('viewer');
            if (currentViewer) {
               document.getElementById("gadgetBody").innerHTML = "The current viewer id is " + currentViewer.id;
            }
         });
     </script>
     <div id="gadgetBody">No current viewer yet</div>
   ]]>
   </Content>
</Module>