<?xml version="1.0" encoding="UTF-8" ?>
<!--
 * Licensed to the Apache Software Foundation (ASF) under one
 * or more contributor license agreements.  See the NOTICE file
 * distributed with this work for additional information
 * regarding copyright ownership.  The ASF licenses this file
 * to you under the Apache License, Version 2.0 (the
 * "License"); you may not use this file except in compliance
 * with the License.  You may obtain a copy of the License at
 *
 *   http://www.apache.org/licenses/LICENSE-2.0
 *
 * Unless required by applicable law or agreed to in writing,
 * software distributed under the License is distributed on an
 * "AS IS" BASIS, WITHOUT WARRANTIES OR CONDITIONS OF ANY
 * KIND, either express or implied.  See the License for the
 * specific language governing permissions and limitations
 * under the License.
-->

<!-- requires the patch for https://reviews.apache.org/r/1940/ -->

<Module>
  <ModulePrefs title="OAuth2 Demo Gadget -- Client Credentials">
    <OAuth2>
      <Service name="shindigOAuth2Provider"  >
     </Service>
    </OAuth2>
    <Require feature="oauthpopup" />
  </ModulePrefs>
  <Content type="html">
      <![CDATA[

    <style>
    #main {
        margin: 0px;
        padding: 0px;
        font-size: small;
    }
    </style>
    
    <div id="overview" style="display: visible">
    This demo gadget would simply pull open social friends for user -- john.doe.
    </div>

    <div id="main" style="display: none">
    </div>

    <div id="approval" style="display: none">
      <a href="#" id="personalize">Please log in to authorize the user request to get open social friends</a>
    </div>

    <div id="waiting" style="display: none">
      Please click
      <a href="#" id="approvaldone">I've approved access</a>
      once you've approved access to your data.
    </div>

    <div id="error" style="display: none;background-color:yellow;font-size:xx-small;" title="An error occured processing your request">
       <div id="error_code"><u>code:</u></div>
       <div id="error_uri"><u>uri:</u></div>
       <div id="error_description"><u>description:</u></div>
       <div id="error_explanation"><u>explanation:</u></div>
       <div id="error_trace"><u>trace:</u></div>
    </div>
    
    <script type="text/javascript">
      function $(x) {
        return document.getElementById(x);
      }

      function showOneSection(toshow) {
        var sections = [ 'main', 'approval', 'waiting', 'error' ];
        for (var i=0; i < sections.length; ++i) {
          var s = sections[i];
          var el = $(s);
          if (s === toshow) {
            el.style.display = "block";
          } else {
            el.style.display = "none";
          }
        }
      }

      function fetchData() {
        var gadgetUrl = gadgets.util.getUrlParameters().url;
	    var url = gadgetUrl.substr(0,gadgetUrl.indexOf("/samplecontainer/examples/oauth2/")) + "/social/rest/people/john.doe/@friends/";
        
        var params = {};
        params[gadgets.io.RequestParameters.CONTENT_TYPE] =
          gadgets.io.ContentType.TEXT;
        params[gadgets.io.RequestParameters.AUTHORIZATION] =
          gadgets.io.AuthorizationType.OAUTH2;
        params[gadgets.io.RequestParameters.METHOD] =
          gadgets.io.MethodType.GET;
        params[gadgets.io.RequestParameters.OAUTH_SERVICE_NAME] = "shindigOAuth2Provider";
        params[gadgets.io.RequestParameters.REFRESH_INTERVAL] = "0";

        gadgets.io.makeRequest(url, function (response) {
          if (response.oauthApprovalUrl) {
            var onOpen = function() {
              showOneSection('waiting');
            };
            var onClose = function() {
              fetchData();
            };
            var popup = new gadgets.oauth.Popup(response.oauthApprovalUrl,
                null, onOpen, onClose);
            $('personalize').onclick = popup.createOpenerOnClick();
            $('approvaldone').onclick = popup.createApprovedOnClick();
            showOneSection('approval');
          } else if (response.data) {
            $('main').appendChild(document.createTextNode(response.data));
            showOneSection('main');
          } else {
             $('error_code').appendChild(document.createTextNode(response.oauthError));
             $('error_uri').appendChild(document.createTextNode(response.oauthErrorUri));
             $('error_description').appendChild(document.createTextNode(response.oauthErrorText));
             $('error_explanation').appendChild(document.createTextNode(response.oauthErrorExplanation));
             $('error_trace').appendChild(document.createTextNode(response.oauthErrorTrace));
            showOneSection('error');
          }
        }, params);
      }

      gadgets.util.registerOnLoadHandler(fetchData);
    </script>
        ]]>
  </Content>
</Module>