<!--
 * Licensed to the Apache Software Foundation (ASF) under one
 * or more contributor license agreements.  See the NOTICE file
 * distributed with this work for additional information
 * regarding copyright ownership.  The ASF licenses this file
 * to you under the Apache License, Version 2.0 (the
 * "License"); you may not use this file except in compliance
 * with the License.  You may obtain a copy of the License at
 *
 *   http://www.apache.org/licenses/LICENSE-2.0
 *
 * Unless required by applicable law or agreed to in writing,
 * software distributed under the License is distributed on an
 * "AS IS" BASIS, WITHOUT WARRANTIES OR CONDITIONS OF ANY
 * KIND, either express or implied.  See the License for the
 * specific language governing permissions and limitations
 * under the License.
-->
<Module>
  <ModulePrefs title="ActivityStream Template">
    <Require feature="opensocial-data"/>
    <Require feature="opensocial-templates"/>
    <Require feature="dynamic-height"/>
  </ModulePrefs>
  <Content type="html">
    <![CDATA[
	  <script xmlns:os="http://ns.opensocial.org/2008/markup" type="text/os-data">
        <os:PeopleRequest key="viewer" userId="@viewer" groupId="@self"/>
        <os:ActivityStreamsRequest key="entries" userId="john.doe" groupId="@self"/>
      </script>
 
      <script type="text/os-template">
      	${viewer.name.formatted}'s ActivityEntries:
        <ul>
          <li repeat="${entries}">
            <span id="id${Context.Index}">${Cur.title}</span>
          </li>
        </ul>
     </script>
     
     <script type="text/javascript">
     	function init() {
     		gadgets.window.adjustHeight();
     	}
     	gadgets.util.registerOnLoadHandler(init);
     </script>
    ]]>
  </Content>
</Module>
