<?xml version="1.0" encoding="utf-8"?>
<!--
 * Licensed to the Apache Software Foundation (ASF) under one
 * or more contributor license agreements.  See the NOTICE file
 * distributed with this work for additional information
 * regarding copyright ownership.  The ASF licenses this file
 * to you under the Apache License, Version 2.0 (the
 * "License"); you may not use this file except in compliance
 * with the License.  You may obtain a copy of the License at
 *
 *   http://www.apache.org/licenses/LICENSE-2.0
 *
 * Unless required by applicable law or agreed to in writing,
 * software distributed under the License is distributed on an
 * "AS IS" BASIS, WITHOUT WARRANTIES OR CONDITIONS OF ANY
 * KIND, either express or implied.  See the License for the
 * specific language governing permissions and limitations
 * under the License.
-->
<Module >
  <ModulePrefs title="Complex Custom Tag Nesting" 
  description="Testing of custom tag nesting with different repeaters and split repeat with If filtering">
    <Require feature="opensocial-1.0"/>
    <Require feature="opensocial-templates"/>
  </ModulePrefs>
  <Content type="html" view="canvas">
    <script type="text/os-data">
      <os:ViewerRequest key='vwr' fields="@all" />
      <os:PeopleRequest key='myfriends' fields="@all" userid="@viewer" groupid="@friends" startIndex="1" count="100" />
    </script>
    <!-- ==================== CUSTOM TAG ONE - VIEWER DATA =================== -->
    <script type="text/os-template" tag="my:ViewerData">
      <div style="font-weight:bold;color:${My.titleColor}">Summary for ${My.person.displayName}
	  <img src="${My.person.thumbnailUrl}" style="margin-left:250px;" />
	  </div>
      <div style="padding:4px;width:250px;border:1px solid green;background:#999;">
Age: ${My.person.age} <br />
Gender: ${My.person.gender} <br />
      </div>
    </script>

    <!-- ==================== CUSTOM TAG TWO - SimplePerson =================== -->
    <script type="text/os-template" tag="my:SimplePerson">
      <div style="font-weight:bold;color:${My.titleColor}">Simple for ${My.person.displayName}</div>
      <div style="padding:4px;width:250px;border:1px solid green;background:#999;">
      <os:Badge person="${My.person}" />
Age: ${My.person.age} <br />
      </div>
    </script>

    <!-- ==================== CUSTOM TAG THREE - FriendList =================== -->
    <script type="text/os-template" tag="my:FriendList">
    <h2>List of Friends</h2>
  <os:Repeat expression="${My.people}">
    <my:SimplePerson titleColor="blue">
    <person>${Cur}</person>
    </my:SimplePerson>
  </os:Repeat>
    </script>



    <script type="text/os-template">
      <style type="text/css">
        body{
        background:#eee;
        color:#222;
        }
      </style>
    </script>
  </Content>

    <Content type="html" view="canvas">
    <script type="text/os-template">
    <h1>Tags Sample</h1>
    
<my:ViewerData person="${vwr}" titleColor="orange" />

And the Friend List <br/>

<my:FriendList>
<people>${myfriends}</people>
</my:FriendList>

<hr />
   
    
    
      <hr style="clear:both;" />
    </script>
  </Content>

</Module>


