<?xml version="1.0" encoding="utf-8" ?>
<!--
 * Licensed to the Apache Software Foundation (ASF) under one
 * or more contributor license agreements.  See the NOTICE file
 * distributed with this work for additional information
 * regarding copyright ownership.  The ASF licenses this file
 * to you under the Apache License, Version 2.0 (the
 * "License"); you may not use this file except in compliance
 * with the License.  You may obtain a copy of the License at
 *
 *   http://www.apache.org/licenses/LICENSE-2.0
 *
 * Unless required by applicable law or agreed to in writing,
 * software distributed under the License is distributed on an
 * "AS IS" BASIS, WITHOUT WARRANTIES OR CONDITIONS OF ANY
 * KIND, either express or implied.  See the License for the
 * specific language governing permissions and limitations
 * under the License.
-->
<Module>
  <ModulePrefs title="Testing Owner and Viewer" 
  description="Often the values of owner and viewer will be the same"
>
    <Require feature="opensocial-1.0"/>
  </ModulePrefs>
  <Content type="html" view="canvas">
    <script xmlns:os="http://ns.opensocial.org/2008/markup" type="text/os-data">
      <os:ViewerRequest key="vwr" fields="@all" />
      <os:OwnerRequest key="owner" fields="@all" />
   </script>
    <script  type="text/os-template">
    <h2>Owner Viewer Request App</h2>
	
	Viewer Name: ${vwr.displayName} <br/>
	<p>
	Owner Name: ${owner.displayName}
	</p>
	
	
    </script>
  </Content>
</Module>